{
  "report_date": "2025-03-14 19:31:20",
  "evaluation_metrics": {
    "political_influence": {
      "mse": 0.021298057990969795,
      "rmse": 0.14593854182829769,
      "mae": 0.09379123574206844,
      "r2": 0.002497687942481064
    },
    "rhetoric_intensity": {
      "mse": 0.016346964728217995,
      "rmse": 0.12785524912266213,
      "mae": 0.04677763124847449,
      "r2": 0.00011005408303754738
    },
    "information_depth": {
      "mse": 0.004076308053301765,
      "rmse": 0.06384597131614309,
      "mae": 0.037588600073872894,
      "r2": 0.0004942937222621735
    }
  },
  "feature_importance": {}
}